pfam_accession	pfam_version	pfam_name	category	hmm_name	hmm_file	hmm_length	n_seed_sequences	effn	source	pfam_short_name	pfam_description
PF07262	PF07262.18	CdiI	Antimicrobial_peptide	CdiI_REV	hmm/per_domain/CdiI_REVISION.hmm	154	163	13.923248	TIAMMAt mollusc-revised	CDI immunity protein	CdiI immunity proteins function as part of the bacterial contact-dependent growth inhibition (CDI) system. CDI is mediated by the CdiB-CdiA two-partner secretion system. Each CdiA protein exhibits a distinct growth inhibition activity, which resides in the polymorphic C-terminal region (CdiA-CT). Cells with the CDI sytem also express a CdiI immunity protein that blocks the activity of cognate CdiA-CT, thereby protecting the cell from autoinhibition. In many CDI systems the cdiBAI genes are followed by orphan cdiA-CT/cdiI modules, suggesting that these modules are exchanged between the CDI systems of different bacteria [[cite:PUB00074283]].
PF01097	PF01097.25	Defensin_2	Antimicrobial_peptide	Defensin_2_REV	hmm/per_domain/Defensin_2_REVISION.hmm	31	261	69.626816	TIAMMAt mollusc-revised	Arthropod defensin	
PF10769	PF10769.15	DUF2594	Antimicrobial_peptide	DUF2594_REV	hmm/per_domain/DUF2594_REVISION.hmm	68	69	17.683777	TIAMMAt mollusc-revised	Protein of unknown function (DUF2594)	This family of proteins with unknown function appear to be restricted to Enterobacteriaceae.
PF00062	PF00062.26	Lys	Antimicrobial_peptide	Lys_REV	hmm/per_domain/Lys_REVISION.hmm	124	256	9.582031	TIAMMAt mollusc-revised	C-type lysozyme/alpha-lactalbumin family	Alpha-lactalbumin is the regulatory subunit of lactose synthase, changing the substrate specificity of galactosyltransferase from N-acetylglucosamine to glucose. C-type lysozymes are secreted bacteriolytic enzymes that cleave the peptidoglycan of bacterial cell walls. Structure is a multi-domain, mixed alpha and beta fold, containing four conserved disulfide bonds.
PF03987	PF03987.21	Autophagy_act_C	Autophagy	Autophagy_act_C_REV	hmm/per_domain/Autophagy_act_C_REVISION.hmm	206	986	11.257545	TIAMMAt mollusc-revised	Autophagocytosis associated protein, active-site domain	Autophagocytosis is a starvation-induced process responsible for transport of cytoplasmic proteins to the vacuole. The cysteine residue within the HPC motif is the putative active-site residue for recognition of the Apg5 subunit of the autophagosome complex [[cite:PUB00044705]].
PF10443	PF10443.16	RNA12	Autophagy	RNA12_REV	hmm/per_domain/RNA12_REVISION.hmm	429	188	25.528137	TIAMMAt mollusc-revised	RNA12 protein	This family includes RNA12 from S. cerevisiae. That protein contains an RRM domain. This region is C-terminal to that and includes a P-loop motif suggesting this region binds to NTP. The RNA12 proteins is involved in pre-rRNA maturation [[cite:PUB00044464]].
PF03983	PF03983.19	SHD1	Autophagy	SHD1_REV	hmm/per_domain/SHD1_REVISION.hmm	65	114	8.533997	TIAMMAt mollusc-revised	SLA1 homology domain 1, SHD1	NPFXD peptides specifically interact with the SHD1 domain. NPFXD is a clathrin-facilitated endocytic targeting signal. NPFXD was originally discovered in the cytoplasmic domain of the furin-like protease Kex2p [[cite:PUB00020335]]. Sla1 is thought to function as an endocytic adaptor [[cite:PUB00020335]].
PF01759	PF01759.28	NTR	Axon_guidance	NTR_REV	hmm/per_domain/NTR_REVISION.hmm	105	1825	14.936590	TIAMMAt mollusc-revised	UNC-6/NTR/C345C module	Sequence similarity between netrin UNC-6 and C345C complement protein family members, and hence the existence of the UNC-6 module, was first reported in [[cite:PUB00019944]]. Subsequently, many additional members of the family were identified on the basis of sequence similarity between the C-terminal domains of netrins, complement proteins C3, C4, C5, secreted frizzled-related proteins, and type I pro-collagen C-proteinase enhancer proteins (PCOLCEs), which are homologous with the N-terminal domains of tissue inhibitors of metalloproteinases (TIMPs). The TIMPs are classified as a separate family in Pfam ([pfam:PF00965]) [[cite:PUB00005058]]. This expanded domain family has been named as the NTR module [[cite:PUB00005058]].
PF01403	PF01403.26	Sema	Axon_guidance	Sema_REV	hmm/per_domain/Sema_REVISION.hmm	179	2316	13.283180	TIAMMAt mollusc-revised	Sema domain	The Sema domain occurs in semaphorins, which are a large family of secreted and transmembrane proteins, some of which function as repellent signals during axon guidance. Sema domains also occur in [swissprot:P08581] the hepatocyte growth factor receptor and [swissprot:P51805]
PF00694	PF00694.26	Aconitase_C	Calcium_signaling	Aconitase_C_REV	hmm/per_domain/Aconitase_C_REVISION.hmm	129	962	6.337639	TIAMMAt mollusc-revised	Aconitase C-terminal domain	Members of this family usually also match to [pfam:PF00330]. This domain undergoes conformational change in the enzyme mechanism [[cite:PUB00004993]].
PF00689	PF00689.27	Cation_ATPase_C	Calcium_signaling	Cation_ATPase_C_REV	hmm/per_domain/Cation_ATPase_C_REVISION.hmm	185	3955	16.690136	TIAMMAt mollusc-revised	Cation transporting ATPase, C-terminus	Members of this families are involved in Na+/K+, H+/K+, Ca++ and Mg++ transport. This family represents 5 transmembrane helices.
PF00036	PF00036.39	EF-hand_1	Calcium_signaling	EF-hand_1_REV	hmm/per_domain/EF-hand_1_REVISION.hmm	26	23259	23259.000000	TIAMMAt mollusc-revised	EF hand domain	The EF-hands can be divided into two classes: signalling proteins and buffering/transport proteins. The first group is the largest and includes the most well-known members of the family such as calmodulin, troponin C and S100B. These proteins typically undergo a calcium-dependent conformational change which opens a target binding site. The latter group is represented by calbindin D9k and do not undergo calcium dependent conformational changes.
PF13499	PF13499.13	EF-hand_7	Calcium_signaling	EF-hand_7_REV	hmm/per_domain/EF-hand_7_REVISION.hmm	65	79136	35.494469	TIAMMAt mollusc-revised	EF-hand domain pair	
PF00604	PF00604.23	Flu_PB2_5th	Calcium_signaling	Flu_PB2_5th_REV	hmm/per_domain/Flu_PB2_5th_REVISION.hmm	210	76	19.069580	TIAMMAt mollusc-revised	Influenza RNA polymerase PB2 CAP binding domain	Influenza virus encodes a large, multidomain RNA-dependent RNA polymerase that can both transcribe and replicate the viral RNA genome. In influenza virus, the polymerase is composed of three polypeptides: PB1, PB2 and PA/P3. PB1 houses the polymerase active site, whereas PB2 and PA/P3 contain, respectively, cap-binding [[cite:PUB00005639]] and endonuclease domains required for transcription initiation by cap-snatching [[cite:PUB00151563]]. This entry represents the CAP binding domain [[cite:PUB00151563]].
PF11870	PF11870.14	LutB_C	Calcium_signaling	LutB_C_REV	hmm/per_domain/LutB_C_REVISION.hmm	85	76	9.467529	TIAMMAt mollusc-revised	Lactate utilisation protein B, C-terminal	This domain is functionally uncharacterised. This domain is found at the C-terminal of a family of 4Fe-4S, iron-sulphur cluster binding proteins, including Lactate utilisation protein B (LutB). These proteins have a perfect 4Fe-4S binding motif C-x(2)-C-x(2)-C-x(3)-CP followed by either a perfect or imperfect (the first Cys replaced by Ser) second copy. Members probably bind two 4Fe-4S iron-sulphur clusters. This domain is found in LutB proteins in association with the LUD domain ([pfam:PF02589]) and usually Fer4_8 ([pfam:PF13183]). The LutABC operon is involved in lactate-utilisation and is essential [[cite:PUB00076952],[cite:PUB00053899]].
PF01054	PF01054.23	MMTV_SAg	Calcium_signaling	MMTV_SAg_REV	hmm/per_domain/MMTV_SAg_REVISION.hmm	84	39	13.296753	TIAMMAt mollusc-revised	Mouse mammary tumour virus superantigen	The mouse mammary tumour virus (MMTV) is a milk-transmitted type B retrovirus. The superantigen (SAg) is encoded by the long terminal repeat. The SAgs are also called PR73.
PF00648	PF00648.28	Peptidase_C2	Calcium_signaling	Peptidase_C2_REV	hmm/per_domain/Peptidase_C2_REVISION.hmm	296	4857	8.231057	TIAMMAt mollusc-revised	Calpain family cysteine protease	
PF02026	PF02026.22	RyR	Calcium_signaling	RyR_REV	hmm/per_domain/RyR_REVISION.hmm	90	1121	5.888432	TIAMMAt mollusc-revised	RyR domain	This domain is called RyR for Ryanodine receptor [[cite:PUB00006473]]. The domain is found in four copies in the ryanodine receptor. The function of this domain is unknown.
PF01395	PF01395.28	PBP_GOBP	Chemoreception	PBP_GOBP_REV	hmm/per_domain/PBP_GOBP_REVISION.hmm	111	609	10.375191	TIAMMAt mollusc-revised	PBP/GOBP family	The olfactory receptors of terrestrial animals exist in an aqueous environment, yet detect odorants that are primarily hydrophobic. The aqueous solubility of hydrophobic odorants is thought to be greatly enhanced via odorant binding proteins which exist in the extracellular fluid surrounding the odorant receptors [[cite:PUB00003450]]. This family is composed of pheromone binding proteins (PBP), which are male-specific and associate with pheromone-sensitive neurons and general-odorant binding proteins (GOBP).
PF00271	PF00271.38	Helicase_C	Chromatin_remodeling	Helicase_C_REV	hmm/per_domain/Helicase_C_REVISION.hmm	112	26750	9.365648	TIAMMAt mollusc-revised	Helicase conserved C-terminal domain	The Prosite family is restricted to DEAD/H helicases, whereas this domain family is found in a wide variety of helicases and helicase related proteins. It may be that this is not an autonomously folding unit, but an integral part of the helicase.
PF00176	PF00176.30	SNF2-rel_dom	Chromatin_remodeling	SNF2-rel_dom_REV	hmm/per_domain/SNF2-rel_dom_REVISION.hmm	288	7476	10.797884	TIAMMAt mollusc-revised	SNF2-related domain	This domain is found in proteins involved in a variety of processes including transcription regulation (e.g., SNF2, STH1, brahma, MOT1), DNA repair (e.g., ERCC6, RAD16, RAD5), DNA recombination (e.g., RAD54), and chromatin unwinding (e.g., ISWI) as well as a variety of other proteins with little functional information (e.g., lodestar, ETL1)[[cite:PUB00014473],[cite:PUB00014474],[cite:PUB00095659]]. SNF2 functions as the ATPase component of the SNF2/SWI multisubunit complex, which utilises energy derived from ATP hydrolysis to disrupt histone-DNA interactions, resulting in the increased accessibility of DNA to transcription factors.
PF04071	PF04071.18	zf-like	Chromatin_remodeling	zf-like_REV	hmm/per_domain/zf-like_REVISION.hmm	81	245	36.961594	TIAMMAt mollusc-revised	Cysteine-rich small domain	Probable metal-binding domain.
PF00270	PF00270.36	DEAD	Circadian	DEAD_REV	hmm/per_domain/DEAD_REVISION.hmm	170	26084	13.361328	TIAMMAt mollusc-revised	DEAD/DEAH box helicase	Members of this family include the DEAD and DEAH box helicases. Helicases are involved in unwinding nucleic acids. The DEAD box helicases are involved in various aspects of RNA metabolism, including nuclear transcription, pre mRNA splicing, ribosome biogenesis, nucleocytoplasmic transport, translation, RNA decay and organellar gene expression.
PF00010	PF00010.32	HLH	Circadian	HLH_REV	hmm/per_domain/HLH_REVISION.hmm	53	11237	25.781071	TIAMMAt mollusc-revised	Helix-loop-helix DNA-binding domain	
PF00989	PF00989.32	PAS	Circadian	PAS_REV	hmm/per_domain/PAS_REVISION.hmm	112	2872	20.791389	TIAMMAt mollusc-revised	PAS fold	The PAS fold corresponds to the structural domain that has previously been defined as PAS and PAC motifs [[cite:PUB00014500]]. The PAS fold appears in archaea, eubacteria and eukarya. This domain can bind gases (O2, CO and NO), FAD, 4-hydroxycinnamic acid and NAD+ [[cite:PUB00099685]].
PF08447	PF08447.19	PAS_3	Circadian	PAS_3_REV	hmm/per_domain/PAS_3_REVISION.hmm	85	2757	13.822125	TIAMMAt mollusc-revised	PAS fold	The PAS fold corresponds to the structural domain that has previously been defined as PAS and PAC motifs [[cite:PUB00014500]]. The PAS fold appears in archaea, eubacteria and eukarya.
PF01823	PF01823.25	MACPF	Complement	MACPF_REV	hmm/per_domain/MACPF_REVISION.hmm	206	1449	15.711908	TIAMMAt mollusc-revised	MAC/Perforin domain	The membrane-attack complex (MAC) of the complement system forms transmembrane channels. These channels disrupt the phospholipid bilayer of target cells, leading to cell lysis and death. A number of proteins participate in the assembly of the MAC. Freshly activated C5b binds to C6 to form a C5b-6 complex, then to C7 forming the C5b-7 complex. The C5b-7 complex binds to C8, which is composed of three chains (alpha, beta, and gamma), thus forming the C5b-8 complex. C5b-8 subsequently binds to C9 and acts as a catalyst in the polymerisation of C9. Active MAC has a subunit composition of C5b-C6-C7-C8-C9{n}. Perforin is a protein found in cytolytic T-cell and killer cells. In the presence of calcium, perforin polymerises into transmembrane tubules and is capable of lysing, non-specifically, a variety of target cells. There are a number of regions of similarity in the sequences of complement components C6, C7, C8-alpha, C8-beta, C9 and perforin. The X-ray crystal structure of a MACPF domain reveals that it shares a common fold with bacterial cholesterol dependent cytolysins ([pfam:PF01289]) such as perfringolysin O. Three key pieces of evidence suggests that MACPF domains and CDCs are homologous: Functional similarity (pore formation), conservation of three glycine residues at a hinge in both families and conservation of a complex core fold [[cite:PUB00045017]].
PF08409	PF08409.17	TMTC_DUF1736	Complement	TMTC_DUF1736_REV	hmm/per_domain/TMTC_DUF1736_REVISION.hmm	75	1036	12.468643	TIAMMAt mollusc-revised	Protein O-mannosyl-transferase TMTC, DUF1736	This domain of unknown function is found in O-mannosyl -transferases TMTC1-4, and constitutes a loop between TM7 and TM8 located in the ER lumen that contains a small hydrophobic, but not membrane-embedded helix. This loop is critical for catalysis and binding of ligands, especially the lipid-linked sugar moiety [[cite:PUB00098068]]. TMTCs transfers mannosyl residues to the hydroxyl group of serine or threonine residues. The 4 members of the TMTC family are O-mannosyl-transferases acting primarily on the cadherin superfamily; each member has distinct roles in decorating the cadherin domains with O-linked mannose glycans at specific regions. These proteins also act as O-mannosyl-transferase on other proteins such as PDIA3 [[cite:PUB00098069]].
PF00005	PF00005.34	ABC_tran	Detoxification	ABC_tran_REV	hmm/per_domain/ABC_tran_REVISION.hmm	150	33697	15.726537	TIAMMAt mollusc-revised	ABC transporter	ABC transporters for a large family of proteins responsible for translocation of a variety of compounds across biological membranes. ABC transporters are the largest family of proteins in many completely sequenced bacteria. ABC transporters are composed of two copies of this domain and two copies of a transmembrane domain [pfam:PF00664]. These four domains may belong to a single polypeptide as in [swissprot:P13569], or belong in different polypeptide chains.
PF00043	PF00043.31	GST_C	Detoxification	GST_C_REV	hmm/per_domain/GST_C_REVISION.hmm	94	12794	17.853565	TIAMMAt mollusc-revised	Glutathione S-transferase, C-terminal domain	GST conjugates reduced glutathione to a variety of targets including S-crystallin from squid, the eukaryotic elongation factor 1-gamma, the HSP26 family of stress-related proteins and auxin-regulated proteins in plants. Stringent starvation proteins in E. coli are also included in the alignment but are not known to have GST activity. The glutathione molecule binds in a cleft between N and C-terminal domains. The catalytically important residues are proposed to reside in the N-terminal domain [[cite:PUB00019659]]. In plants, GSTs are encoded by a large gene family (48 GST genes in Arabidopsis) and can be divided into the phi, tau, theta, zeta, and lambda classes [[cite:PUB00009395]].
PF00067	PF00067.28	p450	Detoxification	p450_REV	hmm/per_domain/p450_REVISION.hmm	459	28468	16.211466	TIAMMAt mollusc-revised	Cytochrome P450	Cytochrome P450s are haem-thiolate proteins [[cite:PUB00019975]] involved in the oxidative degradation of various compounds. They are particularly well known for their role in the degradation of environmental toxins and mutagens. They can be divided into 4 classes, according to the method by which electrons from NAD(P)H are delivered to the catalytic site. Sequence conservation is relatively low within the family - there are only 3 absolutely conserved residues - but their general topography and structural fold are highly conserved. The conserved core is composed of a coil termed the 'meander', a four-helix bundle, helices J and K, and two sets of beta-sheets. These constitute the haem-binding loop (with an absolutely conserved cysteine that serves as the 5th ligand for the haem iron), the proton-transfer groove and the absolutely conserved EXXR motif in helix K. While prokaryotic P450s are soluble proteins, most eukaryotic P450s are associated with microsomal membranes. their general enzymatic function is to catalyse regiospecific and stereospecific oxidation of non-activated hydrocarbons at physiological temperatures [[cite:PUB00019975]].
PF01092	PF01092.25	Ribosomal_S6e	Detoxification	Ribosomal_S6e_REV	hmm/per_domain/Ribosomal_S6e_REVISION.hmm	126	1375	4.744291	TIAMMAt mollusc-revised	Ribosomal protein S6e	
PF00653	PF00653.28	BIR	Developmental_signaling	BIR_REV	hmm/per_domain/BIR_REVISION.hmm	67	12306	9.151081	TIAMMAt mollusc-revised	Inhibitor of Apoptosis domain	BIR stands for 'Baculovirus Inhibitor of apoptosis protein Repeat'. It is found repeated in inhibitor of apoptosis proteins (IAPs), and in fact it is also known as IAP repeat. These domains characteristically have a number of invariant residues, including 3 conserved cysteines and one conserved histidine that coordinate a zinc ion. They are usually made up of 4-5 alpha helices and a three-stranded beta-sheet. BIR is also found in other proteins known as BIR-domain-containing proteins (BIRPs), such as Survivin ([swissprot:O15392]) [[cite:PUB00019220]].
PF03099	PF03099.25	BPL_LplA_LipB	Developmental_signaling	BPL_LplA_LipB_REV	hmm/per_domain/BPL_LplA_LipB_REVISION.hmm	131	868	12.075790	TIAMMAt mollusc-revised	Biotin/lipoate A/B protein ligase family	This family includes biotin protein ligase, lipoate-protein ligase A and B. Biotin is covalently attached at the active site of certain enzymes that transfer carbon dioxide from bicarbonate to organic acids to form cellular metabolites. Biotin protein ligase (BPL) is the enzyme responsible for attaching biotin to a specific lysine at the active site of biotin enzymes. Each organism probably has only one BPL. Biotin attachment is a two step reaction that results in the formation of an amide linkage between the carboxyl group of biotin and the epsilon-amino group of the modified lysine [[cite:PUB00005496]]. Lipoate-protein ligase A (LPLA) catalyses the formation of an amide linkage between lipoic acid and a specific lysine residue in lipoate dependent enzymes [[cite:PUB00007382]]. The unusual biosynthesis pathway of lipoic acid is mechanistically intertwined with attachment of the cofactor [[cite:PUB00109161]].
PF01414	PF01414.26	DSL	Developmental_signaling	DSL_REV	hmm/per_domain/DSL_REVISION.hmm	46	4780	12.978230	TIAMMAt mollusc-revised	Delta serrate ligand	This family has been redefined to correspond to the EGF-like domain defined by structure.
PF00008	PF00008.34	EGF	Developmental_signaling	EGF_REV	hmm/per_domain/EGF_REVISION.hmm	31	96919	49.123211	TIAMMAt mollusc-revised	EGF-like domain	There is no clear separation between noise and signal. [pfam:PF00053] is very similar, but has 8 instead of 6 conserved cysteines. Includes some cytokine receptors. The EGF domain misses the N-terminus regions of the Ca2+ binding EGF domains (this is the main reason of discrepancy between swiss-prot domain start/end and Pfam). The family is hard to model due to many similar but different sub-types of EGF domains. Pfam certainly misses a number of EGF domains.
PF07645	PF07645.22	EGF_CA	Developmental_signaling	EGF_CA_REV	hmm/per_domain/EGF_CA_REVISION.hmm	42	71158	19.098787	TIAMMAt mollusc-revised	Calcium-binding EGF domain	
PF01085	PF01085.24	HH_signal	Developmental_signaling	HH_signal_REV	hmm/per_domain/HH_signal_REVISION.hmm	161	514	12.599808	TIAMMAt mollusc-revised	Hedgehog amino-terminal signalling domain	For the carboxyl Hint module, see [pfam:PF01079]. Hedgehog is a family of secreted signal molecules required for embryonic cell differentiation.
PF07862	PF07862.17	Nif11	Developmental_signaling	Nif11_REV	hmm/per_domain/Nif11_REVISION.hmm	48	215	29.338760	TIAMMAt mollusc-revised	Nif11 domain	This domain is found mainly in the Cyanobacteria and in Proteobacteria such as the nitrogen-fixing bacterium Azotobacter vinelandii. It is found in Nif11, a protein described in Azotobacter as linked to nitrogen fixation [[cite:PUB00016451]]. It also constitutes a leader peptide in Nif11-derived peptides (N11P), which are thought to be post-translationally modified microcins derived from a putative nitrogen-fixing protein [[cite:PUB00055015]]. N11P sequences have a classic leader peptide cleavage motif, usually Gly-Gly, which marks the end of family-wide similarity area and the beginning of a low-complexity region rich in Cys, Gly and Ser [[cite:PUB00055015]].
PF02460	PF02460.25	Patched	Developmental_signaling	Patched_REV	hmm/per_domain/Patched_REVISION.hmm	156	2806	12.419363	TIAMMAt mollusc-revised	Patched SSD	The transmembrane protein Patched [swissprot:P18502] is a receptor for the morphogenic Sonic Hedgehog. This protein associates with the smoothened protein (SMO) to transduce hedgehog signals. These proteins consist of twelve transmembrane segments and two extracellular domains (ECDs) [[cite:PUB00154784],[cite:PUB00155782]]. This entry represents the Sterol-sensing domain (SSD) formed by some of the TM segments. This domain may play a role in the transport and/or regulation of the SMO ligand [[cite:PUB00155782]].
PF00181	PF00181.31	Ribosomal_L2_N	Developmental_signaling	Ribosomal_L2_N_REV	hmm/per_domain/Ribosomal_L2_N_REVISION.hmm	89	1464	6.508987	TIAMMAt mollusc-revised	Ribosomal Proteins L2, RNA binding N-terminal domain	
PF00019	PF00019.26	TGF_beta	Developmental_signaling	TGF_beta_REV	hmm/per_domain/TGF_beta_REVISION.hmm	104	1968	4.628265	TIAMMAt mollusc-revised	Transforming growth factor beta like domain	
PF02767	PF02767.22	DNA_pol3_beta_2	Endocytosis	DNA_pol3_beta_2_REV	hmm/per_domain/DNA_pol3_beta_2_REVISION.hmm	115	92	9.981079	TIAMMAt mollusc-revised	DNA polymerase III beta subunit, central domain	A dimer of the beta subunit of DNA polymerase beta forms a ring which encircles duplex DNA. Each monomer contains three domains of identical topology and DNA clamp fold.
PF01207	PF01207.24	Dus	Endocytosis	Dus_REV	hmm/per_domain/Dus_REVISION.hmm	308	1754	12.354893	TIAMMAt mollusc-revised	Dihydrouridine synthase (Dus)	Members of this family catalyse the reduction of the 5,6-double bond of a uridine residue on tRNA. Dihydrouridine modification of tRNA is widely observed in prokaryotes and eukaryotes, and also in some archae. Most dihydrouridines are found in the D loop of t-RNAs. The role of dihydrouridine in tRNA is currently unknown, but may increase conformational flexibility of the tRNA. It is likely that different family members have different substrate specificities, which may overlap. Dus 1 ([swissprot:Q9HGN6]) from Saccharomyces cerevisiae acts on pre-tRNA-Phe, while Dus 2 ([swissprot:P53720]) acts on pre-tRNA-Tyr and pre-tRNA-Leu. Dus 1 is active as a single subunit, requiring NADPH or NADH, and is stimulated by the presence of FAD [[cite:PUB00014304]]. Some family members may be targeted to the mitochondria and even have a role in mitochondria [[cite:PUB00014304]].
PF00350	PF00350.30	Dynamin_N	Endocytosis	Dynamin_N_REV	hmm/per_domain/Dynamin_N_REVISION.hmm	172	7458	19.769203	TIAMMAt mollusc-revised	Dynamin family	
PF01500	PF01500.23	Keratin_B2	Endocytosis	Keratin_B2_REV	hmm/per_domain/Keratin_B2_REVISION.hmm	165	649	40.210945	TIAMMAt mollusc-revised	Keratin, high sulfur B2 protein	High sulfur proteins are cysteine-rich proteins synthesised during the differentiation of hair matrix cells, and form hair fibres in association with hair keratin intermediate filaments [[cite:PUB00001880]]. This family has been divided up into four regions, with the second region containing 8 copies of a short repeat [[cite:PUB00001880]]. This family is also known as B2 or KAP1.
PF00439	PF00439.31	Bromodomain	Epigenetic	Bromodomain_REV	hmm/per_domain/Bromodomain_REVISION.hmm	84	9493	9.329353	TIAMMAt mollusc-revised	Bromodomain	Bromodomains are 110 amino acid long domains, that are found in many chromatin associated proteins. Bromodomains can interact specifically with acetylated lysine [[cite:PUB00004293]].
PF00385	PF00385.31	Chromo	Epigenetic	Chromo_REV	hmm/per_domain/Chromo_REVISION.hmm	51	5404	20.591433	TIAMMAt mollusc-revised	Chromo (CHRromatin Organisation MOdifier) domain	
PF02141	PF02141.27	DENN	Epigenetic	DENN_REV	hmm/per_domain/DENN_REVISION.hmm	187	2600	9.189224	TIAMMAt mollusc-revised	DENN (AEX-3) domain	DENN (after differentially expressed in neoplastic vs normal cells) is a domain which occurs in several proteins involved in Rab- mediated processes or regulation of MAPK signalling pathways [[cite:PUB00007739]].
PF00145	PF00145.24	DNA_methylase	Epigenetic	DNA_methylase_REV	hmm/per_domain/DNA_methylase_REVISION.hmm	351	1352	17.728806	TIAMMAt mollusc-revised	C-5 cytosine-specific DNA methylase	
PF01571	PF01571.27	GCV_T	Epigenetic	GCV_T_REV	hmm/per_domain/GCV_T_REVISION.hmm	278	1388	9.702721	TIAMMAt mollusc-revised	GCVT N-terminal domain	This entry represents the N-terminal domain in glycine cleavage T-proteins (GCVT) which are part of the glycine cleavage multienzyme complex (GCV) found in bacteria and the mitochondria of eukaryotes. GCVT proteins are involved in various biochemical processes, mainly on the degradation and transformation of small molecules. A significant function of these proteins is their role in the glycine cleavage system, which is responsible for the degradation of glycine. This system is composed of four proteins: P, T, L, and H. These proteins also participate in the demethylation of compounds such as N,N-dimethylglycine and sarcosine, converting them into simpler molecules like sarcosine and glycine, respectively. Additionally, they are involved in the catabolism of compounds like syringate and vanillate, contributing to the breakdown and assimilation of these molecules. GCVT proteins also include proteins that regulate enzymatic activity, such as the pyruvate dehydrogenase phosphatase regulatory subunit, which modulates sensitivity to magnesium ions [[cite:PUB00001870],[cite:PUB00093079]].
PF02373	PF02373.29	JmjC	Epigenetic	JmjC_REV	hmm/per_domain/JmjC_REVISION.hmm	114	4837	11.564597	TIAMMAt mollusc-revised	JmjC domain, hydroxylase	The JmjC domain belongs to the Cupin superfamily [[cite:PUB00007419]]. JmjC-domain proteins may be protein hydroxylases that catalyse a novel histone modification [[cite:PUB00021054]]. This is confirmed to be a hydroxylase: the human JmjC protein named Tyw5p unexpectedly acts in the biosynthesis of a hypermodified nucleoside, hydroxy-wybutosine, in tRNA-Phe by catalysing hydroxylation [[cite:PUB00057442]].
PF01853	PF01853.25	MOZ_SAS	Epigenetic	MOZ_SAS_REV	hmm/per_domain/MOZ_SAS_REVISION.hmm	180	1867	10.330519	TIAMMAt mollusc-revised	MOZ/SAS family	This region of these proteins has been suggested to be homologous to acetyltransferases [[cite:PUB00005753]].
PF00628	PF00628.36	PHD	Epigenetic	PHD_REV	hmm/per_domain/PHD_REVISION.hmm	47	24881	21.103420	TIAMMAt mollusc-revised	PHD-finger	PHD folds into an interleaved type of Zn-finger chelating 2 Zn ions in a similar manner to that of the RING and FYVE domains [[cite:PUB00018073]]. Several PHD fingers have been identified as binding modules of methylated histone H3 [[cite:PUB00045076]].
PF02171	PF02171.24	Piwi	Epigenetic	Piwi_REV	hmm/per_domain/Piwi_REVISION.hmm	298	1622	11.437481	TIAMMAt mollusc-revised	Piwi domain	This domain is found in the protein Piwi and its relatives. The function of this domain is the dsRNA guided hydrolysis of ssRNA. Determination of the crystal structure of Argonaute reveals that PIWI is an RNase H domain, and identifies Argonaute as Slicer, the enzyme that cleaves mRNA in the RNAi RISC complex [[cite:PUB00020128]]. In addition, Mg+2 dependence and production of 3'-OH and 5' phosphate products are shared characteristics of RNaseH and RISC. The PIWI domain core has a tertiary structure belonging to the RNase H family of enzymes. RNase H fold proteins all have a five-stranded mixed beta-sheet surrounded by helices. By analogy to RNase H enzymes which cleave single-stranded RNA guided by the DNA strand in an RNA/DNA hybrid, the PIWI domain can be inferred to cleave single-stranded RNA, for example mRNA, guided by double stranded siRNA.
PF00855	PF00855.24	PWWP	Epigenetic	PWWP_REV	hmm/per_domain/PWWP_REVISION.hmm	92	3446	9.960962	TIAMMAt mollusc-revised	PWWP domain	The PWWP domain is named after a conserved Pro-Trp-Trp-Pro motif [[cite:PUB00002003]]. The domain binds to Histone-4 methylated at lysine-20, H4K20me, suggesting that it is methyl-lysine recognition motif. Removal of two conserved aromatic residues in a hydrophobic cavity created by this domain within the full-length protein, Pdp1, abolishes the interaction o f the protein with H4K20me3. In fission yeast, Set9 is the sole enzyme that catalyses all three states of H4K20me, and Set9-mediated H4K20me is required for efficient recruitment of checkpoint protein Crb2 to sites of DNA damage. The methylation of H4K20 is involved in a diverse array of cellular processes, such as organising higher-order chromatin, maintaining genome stability, and regulating cell-cycle progression [[cite:PUB00058016]].
PF00856	PF00856.34	SET	Epigenetic	SET_REV	hmm/per_domain/SET_REVISION.hmm	111	8849	11.734518	TIAMMAt mollusc-revised	SET domain	SET domains are protein lysine methyltransferase enzymes. SET domains appear to be protein-protein interaction domains. It has been demonstrated that SET domains mediate interactions with a family of proteins that display similarity with dual-specificity phosphatases (dsPTPases) [[cite:PUB00003907]]. A subset of SET domains have been called PR domains. These domains are divergent in sequence from other SET domains, but also appear to mediate protein-protein interaction [[cite:PUB00005822]]. The SET domain consists of two regions known as SET-N and SET-C. SET-C forms an unusual and conserved knot-like structure of probably functional importance. Additionally to SET-N and SET-C, an insert region (SET-I) and flanking regions of high structural variability form part of the overall structure [[cite:PUB00020329]].
PF02008	PF02008.26	zf-CXXC	Epigenetic	zf-CXXC_REV	hmm/per_domain/zf-CXXC_REVISION.hmm	46	1227	10.910557	TIAMMAt mollusc-revised	CXXC zinc finger domain	This domain contains eight conserved cysteine residues that bind to two zinc ions. The CXXC domain is found in a variety of chromatin-associated proteins. This domain binds to nonmethyl-CpG dinucleotides. The domain is characterised by two repeats [[cite:PUB00041857]], and shows a peculiar internal duplication in which the second unit is inserted into the first one [[cite:PUB00069716]]. Each of these units is characterised by four conserved cysteines, displaying a CXXCXXCX(n)C motif that chelate a Zn+2 ion. The DNA binding interface has been identified by NMR [[cite:PUB00041857]]. In eukaryotes, the CXXC domain is found in stramenopiles, plants and metazoans. Plants possess a mono-CXXC domain that is present in distinct chromatin proteins [[cite:PUB00069716]]. Structural comparisons show that the mono-CXXC is homologous to the structural-zinc binding domain of medium chain dehydrogenases [[cite:PUB00069716]].
PF00001	PF00001.27	7tm_1	GPCR	7tm_1_REV	hmm/per_domain/7tm_1_REVISION.hmm	263	53133	23.799807	TIAMMAt mollusc-revised	7 transmembrane receptor (rhodopsin family)	This family contains, amongst other G-protein-coupled receptors (GCPRs), members of the opsin family, which have been considered to be typical members of the rhodopsin superfamily. They share several motifs, mainly the seven transmembrane helices, GCPRs of the rhodopsin superfamily. All opsins bind a chromophore, such as 11-cis-retinal. The function of most opsins other than the photoisomerases is split into two steps: light absorption and G-protein activation. Photoisomerases, on the other hand, are not coupled to G-proteins - they are thought to generate and supply the chromophore that is used by visual opsins [[cite:PUB00019073]].
PF00002	PF00002.30	7tm_2	GPCR	7tm_2_REV	hmm/per_domain/7tm_2_REVISION.hmm	237	9989	12.893784	TIAMMAt mollusc-revised	7 transmembrane receptor (Secretin family)	This family is known as Family B, the secretin-receptor family or family 2 of the G-protein-coupled receptors (GCPRs). They have been described in many animal species, but not in plants, fungi or prokaryotes. Three distinct sub-families are recognised. Subfamily B1 contains classical hormone receptors, such as receptors for secretin and glucagon, that are all involved in cAMP-mediated signalling pathways. Subfamily B2 contains receptors with long extracellular N-termini, such as the leukocyte cell-surface antigen CD97 ([swissprot:P48960]); calcium-independent receptors for latrotoxin (such as [swissprot:O94910]), and brain-specific angiogenesis inhibitors (such as [swissprot:O14514]) amongst others. Subfamily B3 includes Methuselah and other Drosophila proteins (e.g. [swissprot:P83119]). Other than the typical seven-transmembrane region, characteristic structural features include an amino-terminal extracellular domain involved in ligand binding, and an intracellular loop (IC3) required for specific G-protein coupling [[cite:PUB00019074]].
PF00003	PF00003.29	7tm_3	GPCR	7tm_3_REV	hmm/per_domain/7tm_3_REVISION.hmm	254	5125	17.023445	TIAMMAt mollusc-revised	7 transmembrane sweet-taste receptor of 3 GCPR	This is a domain of seven transmembrane regions that forms the C-terminus of some subclass 3 G-coupled-protein receptors. It is often associated with a downstream cysteine-rich linker domain, NCD3G [pfam:PF07562], which is the human sweet-taste receptor, and the N-terminal domain, ANF_receptor [pfam:PF01094]. The seven TM regions assemble in such a way as to produce a docking pocket into which such molecules as cyclamate and lactisole have been found to bind and consequently confer the taste of sweetness [[cite:PUB00044748]].
PF01534	PF01534.24	Frizzled	GPCR	Frizzled_REV	hmm/per_domain/Frizzled_REVISION.hmm	321	1650	16.267490	TIAMMAt mollusc-revised	Frizzled/Smoothened family membrane region	This family contains the membrane spanning region of frizzled and smoothened receptors. This membrane region is predicted to contain seven transmembrane alpha helices. Proteins related to Drosophila frizzled ([swissprot:P18537]) are receptors for Wnt (mediating the beta-catenin signalling pathway) [[cite:PUB00004238]], but also the planar cell polarity (PCP) pathway and the Wnt/calcium pathway. The predominantly alpha-helical Cys-rich ligand-binding region (CRD) of Frizzled is both necessary and sufficient for Wnt binding [[cite:PUB00019581]]. The smoothened receptor mediates hedgehog signalling [[cite:PUB00001104]].
PF01825	PF01825.28	GPS	GPCR	GPS_REV	hmm/per_domain/GPS_REVISION.hmm	45	4163	17.178822	TIAMMAt mollusc-revised	GPCR proteolysis site, GPS, motif	The GPS motif is found in GPCRs, and is the site for auto-proteolysis, so is thus named, GPS [[cite:PUB00005840],[cite:PUB00005835],[cite:PUB00008017],[cite:PUB00071542]]. The GPS motif is a conserved sequence of ~40 amino acids containing canonical cysteine and tryptophan residues, and is the most highly conserved part of the domain. In most, if not all, cell-adhesion GPCRs these undergo autoproteolysis in the GPS between a conserved aliphatic residue (usually a leucine) and a threonine, serine, or cysteine residue [[cite:PUB00106921]]. In higher eukaryotes this motif is found embedded in the C-terminal beta-stranded part of a GAIN domain - GPCR-Autoproteolysis INducing (GAIN). The GAIN-GPS domain adopts a fold in which the GPS motif, at the C-terminus, forms five beta-strands that are tightly integrated into the overall GAIN domain. The GPS motif, evolutionarily conserved from tetrahymena to mammals, is the only extracellular domain shared by all human cell-adhesion GPCRs and PKD proteins, and is the locus of multiple human disease mutations. The GAIN-GPS domain is both necessary and sufficient functionally for autoproteolysis, suggesting an autoproteolytic mechanism whereby the overall GAIN domain fine-tunes the chemical environment in the GPS to catalyse peptide bond hydrolysis [[cite:PUB00058430]]. In the cell-adhesion GPCRs and PKD proteins, the GPS motif is always located at the end of their long N-terminal extracellular regions, immediately before the first transmembrane helix of the respective protein.
PF02793	PF02793.28	HRM	GPCR	HRM_REV	hmm/per_domain/HRM_REVISION.hmm	63	3716	10.741421	TIAMMAt mollusc-revised	Hormone receptor domain	This extracellular domain contains four conserved cysteines that probably for disulphide bridges. The domain is found in a variety of hormone receptors. It may be a ligand binding domain.
PF07562	PF07562.21	NCD3G	GPCR	NCD3G_REV	hmm/per_domain/NCD3G_REVISION.hmm	53	6316	18.573175	TIAMMAt mollusc-revised	Nine Cysteines Domain of family 3 GPCR	This conserved sequence contains several highly-conserved Cys residues that are predicted to form disulphide bridges. It is predicted to lie outside the cell membrane, tethered to the [pfam:PF00003] in several receptor proteins.
PF02752	PF02752.28	Arrestin_C	G_protein	Arrestin_C_REV	hmm/per_domain/Arrestin_C_REVISION.hmm	132	4202	11.553160	TIAMMAt mollusc-revised	Arrestin (or S-antigen), C-terminal domain	Ig-like beta-sandwich fold. Scop reports duplication with N-terminal domain.
PF00339	PF00339.35	Arrestin_N	G_protein	Arrestin_N_REV	hmm/per_domain/Arrestin_N_REVISION.hmm	146	3946	8.982756	TIAMMAt mollusc-revised	Arrestin (or S-antigen), N-terminal domain	Ig-like beta-sandwich fold. Scop reports duplication with C-terminal domain.
PF00503	PF00503.27	G-alpha	G_protein	G-alpha_REV	hmm/per_domain/G-alpha_REVISION.hmm	333	5842	16.666740	TIAMMAt mollusc-revised	G-protein alpha subunit	G proteins couple receptors of extracellular signals to intracellular signaling pathways. The G protein alpha subunit binds guanyl nucleotide and is a weak GTPase. A set of residues that are unique to G-alpha as compared to its ancestor the Arf-like family form a ring of residues centered on the nucleotide binding site [[cite:PUB00068108]]. A Ggamma is found fused to an inactive Galpha in the Dictyostelium protein gbqA [[cite:PUB00068108]].
PF00631	PF00631.28	G-gamma	G_protein	G-gamma_REV	hmm/per_domain/G-gamma_REVISION.hmm	63	1095	20.045872	TIAMMAt mollusc-revised	GGL domain	G-protein gamma like domains (GGL) are found in the gamma subunit of the heterotrimeric G protein complex and in regulators of G protein signaling (RGS) proteins [[cite:PUB00019589]]. It is also found fused to an inactive Galpha in the Dictyostelium protein gbqA [[cite:PUB00068108]]. G-gamma likely shares a common origin with the helical N-terminal unit of G-beta [[cite:PUB00068108]]. All organisms that posses a G-beta possess a G-gamma [[cite:PUB00068108]].
PF00615	PF00615.25	RGS	G_protein	RGS_REV	hmm/per_domain/RGS_REVISION.hmm	118	6527	11.163877	TIAMMAt mollusc-revised	Regulator of G protein signaling domain	RGS family members are GTPase-activating proteins for heterotrimeric G-protein alpha-subunits.
PF00400	PF00400.39	WD40	G_protein	WD40_REV	hmm/per_domain/WD40_REVISION.hmm	39	193954	603.429382	TIAMMAt mollusc-revised	WD domain, G-beta repeat	
PF00883	PF00883.27	Peptidase_M17	Gap_junction	Peptidase_M17_REV	hmm/per_domain/Peptidase_M17_REVISION.hmm	310	2061	6.411535	TIAMMAt mollusc-revised	Cytosol aminopeptidase family, catalytic domain	The two associated zinc ions and the active site are entirely enclosed within the C-terminal catalytic domain in leucine aminopeptidase.
PF00963	PF00963.25	Cohesin	Hedgehog	Cohesin_REV	hmm/per_domain/Cohesin_REVISION.hmm	138	91	12.577484	TIAMMAt mollusc-revised	Cohesin domain	Cohesin domains interact with a complementary domain, termed the dockerin domain. The cohesin-dockerin interaction is the crucial interaction for complex formation in the cellulosome [[cite:PUB00005288]].
PF11922	PF11922.14	DUF3440	Hedgehog	DUF3440_REV	hmm/per_domain/DUF3440_REVISION.hmm	181	131	22.807465	TIAMMAt mollusc-revised	Domain of unknown function (DUF3440)	This presumed domain is functionally uncharacterised. This domain is found in bacteria. This domain is typically between 53 to 190 amino acids in length. This domain is found associated with [pfam:PF01507]. This domain has a conserved KND sequence motif.
PF01846	PF01846.26	FF	Hedgehog	FF_REV	hmm/per_domain/FF_REVISION.hmm	51	5254	25.235912	TIAMMAt mollusc-revised	FF domain	This domain has been predicted to be involved in protein-protein interaction [[cite:PUB00005857]]. This domain was recently shown to bind the hyperphosphorylated C-terminal repeat domain of RNA polymerase II, confirming its role in protein-protein interactions [[cite:PUB00019550]].
PF01153	PF01153.26	Glypican	Hedgehog	Glypican_REV	hmm/per_domain/Glypican_REVISION.hmm	554	1047	21.451710	TIAMMAt mollusc-revised	Glypican	
PF00210	PF00210.31	Ferritin	Hemolymph	Ferritin_REV	hmm/per_domain/Ferritin_REVISION.hmm	141	3375	10.837197	TIAMMAt mollusc-revised	Ferritin-like domain	This family contains ferritins and other ferritin-like proteins such as members of the DPS family and bacterioferritins.
PF00372	PF00372.25	Hemocyanin_M	Hemolymph	Hemocyanin_M_REV	hmm/per_domain/Hemocyanin_M_REVISION.hmm	268	349	12.453255	TIAMMAt mollusc-revised	Hemocyanin, copper containing domain	This family includes arthropod hemocyanins and insect larval storage proteins.
PF11601	PF11601.14	Shal-type	Hippo	Shal-type_REV	hmm/per_domain/Shal-type_REVISION.hmm	26	166	14.435333	TIAMMAt mollusc-revised	Shal-type voltage-gated potassium channels, N-terminal	This entry represents the short N-terminal helical domain of Shal-type voltage-gated potassium channels. The domain interacts with Kv channel-interacting proteins to modulate cell surface expression and the function of Kv4 channels. The interaction of the N-terminus of Shal-type protein Kv4.2 and the Kv interacting protein KChiP1 forms a structure which is like the structure between calmodulin and its target peptides when they interact. Interactions of an N terminal alpha helix in Kv4.2 and a C terminal alpha helix in KChIP1 are essential for the modulation of Kv4.2 by KChIPs [[cite:PUB00030933]].
PF00386	PF00386.28	C1q	Innate_immunity	C1q_REV	hmm/per_domain/C1q_REVISION.hmm	127	15534	10.225624	TIAMMAt mollusc-revised	C1q domain	C1q is a subunit of the C1 enzyme complex that activates the serum complement system.
PF00531	PF00531.29	Death	Innate_immunity	Death_REV	hmm/per_domain/Death_REVISION.hmm	86	10584	21.774611	TIAMMAt mollusc-revised	Death domain	
PF00059	PF00059.28	Lectin_C	Innate_immunity	Lectin_C_REV	hmm/per_domain/Lectin_C_REVISION.hmm	109	42701	9.536781	TIAMMAt mollusc-revised	Lectin C-type domain	This family includes both long and short form C-type
PF13855	PF13855.13	LRR_8	Innate_immunity	LRR_8_REV	hmm/per_domain/LRR_8_REVISION.hmm	61	95097	32.663136	TIAMMAt mollusc-revised	Leucine rich repeat	
PF05729	PF05729.19	NACHT	Innate_immunity	NACHT_REV	hmm/per_domain/NACHT_REVISION.hmm	161	9014	30.332470	TIAMMAt mollusc-revised	NACHT domain	This NTPase domain is found in apoptosis proteins as well as those involved in MHC transcription activation [[cite:PUB00007270]]. This family is closely related to [pfam:PF00931].
PF02758	PF02758.23	PYRIN	Innate_immunity	PYRIN_REV	hmm/per_domain/PYRIN_REVISION.hmm	75	347	15.664665	TIAMMAt mollusc-revised	PAAD/DAPIN/Pyrin domain	This domain is predicted to contain 6 alpha helices and to have the same fold as the [pfam:PF00531] domain. This similarity may mean that this is a protein-protein interaction domain.
PF00077	PF00077.26	RVP	Innate_immunity	RVP_REV	hmm/per_domain/RVP_REVISION.hmm	102	5388	17.380629	TIAMMAt mollusc-revised	Retroviral aspartyl protease	Single domain aspartyl proteases from retroviruses, retrotransposons, and badnaviruses (plant dsDNA viruses). These proteases are generally part of a larger polyprotein; usually pol, more rarely gag. Retroviral proteases appear to be homologous to a single domain of the two-domain eukaryotic aspartyl proteases such as pepsins, cathepsins, and renins ([pfam:PF00026]).
PF00084	PF00084.27	Sushi	Innate_immunity	Sushi_REV	hmm/per_domain/Sushi_REVISION.hmm	56	38034	19.609577	TIAMMAt mollusc-revised	Sushi repeat (SCR repeat)	
PF01582	PF01582.26	TIR	Innate_immunity	TIR_REV	hmm/per_domain/TIR_REVISION.hmm	168	11080	24.284945	TIAMMAt mollusc-revised	TIR domain	The Toll/interleukin-1 receptor (TIR) homology domain is an intracellular signalling domain found in MyD88, interleukin 1 receptor and the Toll receptor. It contains three highly-conserved regions, and mediates protein-protein interactions between the Toll-like receptors (TLRs) and signal-transduction components. TIR-like motifs are also found in plant proteins thought to be involved in resistance to disease. When activated, TIR domains recruit cytoplasmic adaptor proteins MyD88 ([swissprot:Q99836]) and TOLLIP (Toll interacting protein, [swissprot:Q9H0E2]). In turn, these associate with various kinases to set off signalling cascades [[cite:PUB00020439]].
PF00757	PF00757.26	Furin-like	Insulin_ILP	Furin-like_REV	hmm/per_domain/Furin-like_REVISION.hmm	152	2137	10.789183	TIAMMAt mollusc-revised	Furin-like cysteine rich region	
PF00169	PF00169.36	PH	Insulin_ILP	PH_REV	hmm/per_domain/PH_REVISION.hmm	101	34104	15.046466	TIAMMAt mollusc-revised	PH domain	PH stands for pleckstrin homology.
PF00613	PF00613.27	PI3Ka	Insulin_ILP	PI3Ka_REV	hmm/per_domain/PI3Ka_REVISION.hmm	182	1481	11.573137	TIAMMAt mollusc-revised	Phosphoinositide 3-kinase family, accessory domain (PIK domain)	PIK domain is conserved in all PI3 and PI4-kinases. Its role is unclear but it has been suggested [[cite:PUB00005173]] to be involved in substrate presentation.
PF00614	PF00614.29	PLDc	Insulin_ILP	PLDc_REV	hmm/per_domain/PLDc_REVISION.hmm	28	1576	1155.021362	TIAMMAt mollusc-revised	Phospholipase D Active site motif	Phosphatidylcholine-hydrolysing phospholipase D (PLD) isoforms are activated by ADP-ribosylation factors (ARFs). PLD produces phosphatidic acid from phosphatidylcholine, which may be essential for the formation of certain types of transport vesicles or may be constitutive vesicular transport to signal transduction pathways. PC-hydrolysing PLD is a homologue of cardiolipin synthase, phosphatidylserine synthase, bacterial PLDs, and viral proteins. Each of these appears to possess a domain duplication which is apparent by the presence of two motifs containing well-conserved histidine, lysine, and/or asparagine residues which may contribute to the active site. aspartic acid. An E. coli endonuclease (nuc) and similar proteins appear to be PLD homologues but possess only one of these motifs. The profile contained here represents only the putative active site regions, since an accurate multiple alignment of the repeat units has not been achieved.
PF00017	PF00017.31	SH2	Insulin_ILP	SH2_REV	hmm/per_domain/SH2_REVISION.hmm	77	15039	9.698986	TIAMMAt mollusc-revised	SH2 domain	
PF00018	PF00018.35	SH3_1	Insulin_ILP	SH3_1_REV	hmm/per_domain/SH3_1_REVISION.hmm	47	32921	30.764069	TIAMMAt mollusc-revised	SH3 domain	SH3 (Src homology 3) domains are often indicative of a protein involved in signal transduction related to cytoskeletal organisation. First described in the Src cytoplasmic tyrosine kinase [swissprot:P12931]. The structure is a partly opened beta barrel.
PF05522	PF05522.17	Metallothio_6	JAK_STAT	Metallothio_6_REV	hmm/per_domain/Metallothio_6_REVISION.hmm	64	71	10.179382	TIAMMAt mollusc-revised	Metallothionein	This family consists of metallothioneins from several worm and sea urchin species. Metallothioneins are low molecular weight, cysteine rich proteins known to be involved in heavy metal detoxification and homeostasis [[cite:PUB00011379]].
PF08236	PF08236.18	SRI	JAK_STAT	SRI_REV	hmm/per_domain/SRI_REVISION.hmm	77	848	15.433533	TIAMMAt mollusc-revised	SRI (Set2 Rpb1 interacting) domain	The SRI (Set2 Rpb1 interacting) domain mediates RNA polymerase II interaction and couples histone H3 K36 methylation with transcript elongation [[cite:PUB00017167]]. This domain is conserved from yeast to humans. Members of this family form a compact, closed three-helix bundle, with an up-down-up topology. The first and second helices are antiparallel to each other and are of similar length; the third helix, which is packed across helices alpha1 and alpha2 is slightly shorter, consisting of only 15 amino acids. Most conserved hydrophobic residues are largely buried in the interior of the structure and form an extensive and contiguous hydrophobic core that stabilises the packing of the three-helix bundle. This domain mediates RNA polymerase II interaction and couples histone H3 K36 methylation with transcript elongation [[cite:PUB00035470]].
PF01094	PF01094.35	ANF_receptor	LGIC	ANF_receptor_REV	hmm/per_domain/ANF_receptor_REVISION.hmm	359	12021	35.037212	TIAMMAt mollusc-revised	Receptor family ligand binding region	This family includes extracellular ligand binding domains of a wide range of receptors. This family also includes the bacterial amino acid binding proteins of known structure.
PF00060	PF00060.33	Lig_chan	LGIC	Lig_chan_REV	hmm/per_domain/Lig_chan_REVISION.hmm	268	4902	26.801268	TIAMMAt mollusc-revised	Ligand-gated ion channel	This family includes the four transmembrane regions of the ionotropic glutamate receptors and NMDA receptors.
PF10613	PF10613.15	Lig_chan-Glu_bd	LGIC	Lig_chan-Glu_bd_REV	hmm/per_domain/Lig_chan-Glu_bd_REVISION.hmm	112	3992	6.414909	TIAMMAt mollusc-revised	Ligated ion channel L-glutamate- and glycine-binding site	This region, sometimes called the S1 domain, is the luminal domain just upstream of the first, M1, transmembrane region of transmembrane ion-channel proteins, and it binds L-glutamate and glycine [[cite:PUB00044334]]. It is found in association with Lig_chan, [pfam:PF00060].
PF02931	PF02931.29	Neur_chan_LBD	LGIC	Neur_chan_LBD_REV	hmm/per_domain/Neur_chan_LBD_REVISION.hmm	209	12063	10.299111	TIAMMAt mollusc-revised	Neurotransmitter-gated ion-channel ligand binding domain	This family is the extracellular ligand binding domain of these ion channels [[cite:PUB00019920]]. This domain forms a pentameric arrangement in the known structure.
PF02932	PF02932.22	Neur_chan_memb	LGIC	Neur_chan_memb_REV	hmm/per_domain/Neur_chan_memb_REVISION.hmm	233	12849	25.062006	TIAMMAt mollusc-revised	Neurotransmitter-gated ion-channel transmembrane region	This family includes the four transmembrane helices that form the ion channel.
PF00497	PF00497.26	SBP_bac_3	LGIC	SBP_bac_3_REV	hmm/per_domain/SBP_bac_3_REVISION.hmm	216	1093	32.100704	TIAMMAt mollusc-revised	Bacterial extracellular solute-binding proteins, family 3	This is a sensor domain found in solute-binding protein family 3 members from Gram-positive bacteria, Gram-negative bacteria and archaea. It can also be found in the N-terminal of the membrane-bound lytic murein transglycosylase F (MltF) protein. This domain recognises Nicotinate, quidalnate, pyridine-2,5-dicarboxylate and salicylate [[cite:PUB00099685]].
PF00753	PF00753.34	Lactamase_B	Learning_memory	Lactamase_B_REV	hmm/per_domain/Lactamase_B_REVISION.hmm	187	4525	28.856922	TIAMMAt mollusc-revised	Metallo-beta-lactamase superfamily	
PF01011	PF01011.29	PQQ	Learning_memory	PQQ_REV	hmm/per_domain/PQQ_REVISION.hmm	593	371	13.708138	TIAMMAt mollusc-revised	Glucose/ethanol/alcohol dehydrogenase, beta-propeller domain	This entry represents the beta-propeller found in enzymes which utilise pyrrolo-quinoline quinone as a prosthetic group, including Quinoprotein glucose dehydrogenase, Alcohol dehydrogenase (quinone) and Quinoprotein ethanol dehydrogenase.
PF03564	PF03564.22	DUF1759	MAPK	DUF1759_REV	hmm/per_domain/DUF1759_REVISION.hmm	148	4060	18.751698	TIAMMAt mollusc-revised	Protein of unknown function (DUF1759)	This is a family of proteins of unknown function. Most of the members are gag-polyproteins.
PF00071	PF00071.29	Ras	MAPK	Ras_REV	hmm/per_domain/Ras_REVISION.hmm	161	43998	9.055441	TIAMMAt mollusc-revised	Ras family	Includes sub-families Ras, Rab, Rac, Ral, Ran, Rap Ypt1 and more. Shares P-loop motif with GTP_EFTU, arf and myosin_head. See [pfam:PF00009] [pfam:PF00025], [pfam:PF00063]. As regards Rab GTPases, these are important regulators of vesicle formation, motility and fusion. They share a fold in common with all Ras GTPases: this is a six-stranded beta-sheet surrounded by five alpha-helices [[cite:PUB00020223]].
PF00424	PF00424.24	REV	MAPK	REV_REV	hmm/per_domain/REV_REVISION.hmm	94	344	53.206726	TIAMMAt mollusc-revised	REV protein (anti-repression trans-activator protein)	
PF00111	PF00111.33	Fer2	Magnetoreception	Fer2_REV	hmm/per_domain/Fer2_REVISION.hmm	76	2812	12.923267	TIAMMAt mollusc-revised	2Fe-2S iron-sulfur cluster binding domain	
PF12838	PF12838.13	Fer4_7	Magnetoreception	Fer4_7_REV	hmm/per_domain/Fer4_7_REVISION.hmm	52	1771	13.278582	TIAMMAt mollusc-revised	4Fe-4S dicluster domain	Superfamily includes proteins containing domains which bind to iron-sulfur clusters. Members include bacterial ferredoxins, various dehydrogenases, and various reductases. Structure of the domain is an alpha-antiparallel beta sandwich. Domain contains two 4Fe4S clusters.
PF03461	PF03461.21	TRCF	Magnetoreception	TRCF_REV	hmm/per_domain/TRCF_REVISION.hmm	91	424	7.695740	TIAMMAt mollusc-revised	TRCF domain	
PF00858	PF00858.30	ASC	Mechanosensory	ASC_REV	hmm/per_domain/ASC_REVISION.hmm	438	4945	17.293278	TIAMMAt mollusc-revised	Amiloride-sensitive sodium channel	
PF15917	PF15917.12	Piezo_TM25-28	Mechanosensory	Piezo_TM25-28_REV	hmm/per_domain/Piezo_TM25-28_REVISION.hmm	329	886	39.229591	TIAMMAt mollusc-revised	Piezo TM25-28	Piezo is a family of proteins that form mechanosensitive non-specific cation channels whose conductance is higher for Li+, intermediate for Na+ and lowest for Li+. Divalent ions except for Mn2+ permeate the channel but more slowly than monovalent ions and can reduce K+ currents [[cite:PUB00063635],[cite:PUB00155398],[cite:PUB00155399],[cite:PUB00155396]]. These channels have a homotrimeric three-blade propeller-shaped structure that use a cap-motion and plug-and-latch mechanism to gate their ion-conducting pathways [[cite:PUB00063635],[cite:PUB00155398],[cite:PUB00155399],[cite:PUB00155396]]. Each protomer consists of 38 TM helices (referred to THUs) that form unusual non-planar blades, and an extracellular cap-like structure ([pfam:PF12166]). This entry represents TM25-28, found in the central region of these proteins, following [pfam:PF24871] and associated with [pfam:PF12166] at the C-terminal.
PF00147	PF00147.24	Fibrinogen_C	Mollusc_expanded	Fibrinogen_C_REV	hmm/per_domain/Fibrinogen_C_REVISION.hmm	219	11449	7.318203	TIAMMAt mollusc-revised	Fibrinogen beta and gamma chains, C-terminal globular domain	
PF03723	PF03723.21	Hemocyanin_C	Mollusc_expanded	Hemocyanin_C_REV	hmm/per_domain/Hemocyanin_C_REVISION.hmm	248	331	9.689690	TIAMMAt mollusc-revised	Hemocyanin, ig-like domain	This family includes arthropod hemocyanins and insect larval storage proteins.
PF03953	PF03953.23	Tubulin_C	Mollusc_expanded	Tubulin_C_REV	hmm/per_domain/Tubulin_C_REVISION.hmm	125	9886	6.528907	TIAMMAt mollusc-revised	Tubulin C-terminal domain	This family includes the tubulin alpha, beta and gamma chains. Members of this family are involved in polymer formation. Tubulins are GTPases. FtsZ can polymerise into tubes, sheets, and rings in vitro and is ubiquitous in eubacteria and archaea. Tubulin is the major component of microtubules. (The FtsZ GTPases have been split into their won family).
PF07657	PF07657.20	MNNL	Mucus	MNNL_REV	hmm/per_domain/MNNL_REVISION.hmm	154	1151	12.992130	TIAMMAt mollusc-revised	N terminus of Notch ligand C2-like domain	This entry represents a region of conserved sequence at the N terminus of several Notch ligand proteins. The entry has been extended to correspond to the C2-like domain defined by the protein structure.
PF00094	PF00094.31	VWD	Mucus	VWD_REV	hmm/per_domain/VWD_REVISION.hmm	155	10848	12.960274	TIAMMAt mollusc-revised	von Willebrand factor type D domain	[swissprot:P17554] contains a vwd domain. Its function is unrelated but the similarity is very strong by several methods. This domain is structurally homologous to the C-terminal domain of repulsive guidance molecules (RGM) despite low sequence identity [[cite:PUB00093468]].
PF00564	PF00564.31	PB1	NF_kB	PB1_REV	hmm/per_domain/PB1_REVISION.hmm	82	2822	18.082636	TIAMMAt mollusc-revised	PB1 domain	
PF00554	PF00554.28	RHD_DNA_bind	NF_kB	RHD_DNA_bind_REV	hmm/per_domain/RHD_DNA_bind_REVISION.hmm	169	1293	9.563931	TIAMMAt mollusc-revised	Rel homology DNA-binding domain	Proteins containing the Rel homology domain (RHD) are eukaryotic transcription factors. The RHD is composed of two structural domains. This is the N-terminal DNA-binding domain that is similar to that found in P53. The C-terminal domain has an immunoglobulin-like fold (See [pfam:PF16179]) that functions as a dimerisation domain [[cite:PUB00004201],[cite:PUB00049544]].
PF00076	PF00076.29	RRM_1	NF_kB	RRM_1_REV	hmm/per_domain/RRM_1_REVISION.hmm	70	94883	20.458654	TIAMMAt mollusc-revised	RNA recognition motif	The RRM motif (a.k.a. RRM, RBD, or RNP domain) is probably diagnostic of an RNA binding protein. RRMs are found in a variety of RNA binding proteins, including various hnRNP proteins, proteins implicated in regulation of alternative splicing, and protein components of snRNPs. The motif also appears in a few single stranded DNA binding proteins. The RRM structure consists of four strands and two helices arranged in an alpha/beta sandwich, with a third helix present during RNA binding in some cases The C-terminal beta strand (4th strand) and final helix are hard to align and have been omitted in the SEED alignment The LA proteins ([swissprot:P05455]) have an N terminal rrm which is included in the seed. There is a second region towards the C terminus that has some features characteristic of a rrm but does not appear to have the important structural core of a rrm. The LA proteins ([swissprot:P05455]) are one of the main autoantigens in Systemic lupus erythematosus (SLE), an autoimmune disease.
PF07700	PF07700.21	HNOB	NO_signaling	HNOB_REV	hmm/per_domain/HNOB_REVISION.hmm	163	1016	9.995514	TIAMMAt mollusc-revised	Haem-NO-binding	The HNOB (Haem NO Binding) domain, is a predominantly alpha-helical domain and binds heme via a covalent linkage to histidine. It is a haem protein sensor (SONO) that displays femtomolar affinity for nitrous oxide, NO [[cite:PUB00032379]]. It is predicted to function as a haem-dependent sensor for gaseous ligands and to transduce diverse downstream signals in both bacteria and animals.
PF03907	PF03907.19	Spo7	NO_signaling	Spo7_REV	hmm/per_domain/Spo7_REVISION.hmm	221	421	22.364983	TIAMMAt mollusc-revised	Spo7-like protein	S. cerevisiae Spo7 [swissprot:P18410] has an unknown function, but has a role in formation of a spherical nucleus and meiotic division [[cite:PUB00008471]].
PF00266	PF00266.26	Aminotran_5	NT_synthesis	Aminotran_5_REV	hmm/per_domain/Aminotran_5_REVISION.hmm	372	6727	26.100922	TIAMMAt mollusc-revised	Aminotransferase class-V	This domain is found in amino transferases, and other enzymes including cysteine desulphurase [ec:4.4.1.-].
PF00237	PF00237.25	Ribosomal_L22	NT_synthesis	Ribosomal_L22_REV	hmm/per_domain/Ribosomal_L22_REVISION.hmm	104	2348	7.976128	TIAMMAt mollusc-revised	Ribosomal protein L22p/L17e	This family includes L22 from prokaryotes and chloroplasts and L17 from eukaryotes.
PF07690	PF07690.22	MFS_1	NT_transporter	MFS_1_REV	hmm/per_domain/MFS_1_REVISION.hmm	358	68807	71.676964	TIAMMAt mollusc-revised	Major Facilitator Superfamily	
PF00209	PF00209.25	SNF	NT_transporter	SNF_REV	hmm/per_domain/SNF_REVISION.hmm	525	13086	11.434601	TIAMMAt mollusc-revised	Sodium:neurotransmitter symporter family	These are twelve xTM-containing region transporters.
PF00394	PF00394.29	Cu-oxidase	Neuropeptide_processing	Cu-oxidase_REV	hmm/per_domain/Cu-oxidase_REVISION.hmm	158	1820	10.979958	TIAMMAt mollusc-revised	Multicopper oxidase	Many of the proteins in this family contain multiple similar copies of this plastocyanin-like domain.
PF01227	PF01227.28	GTP_cyclohydroI	Neuropeptide_processing	GTP_cyclohydroI_REV	hmm/per_domain/GTP_cyclohydroI_REVISION.hmm	177	476	10.433563	TIAMMAt mollusc-revised	GTP cyclohydrolase I	This family includes GTP cyclohydrolase enzymes and a family of related bacterial proteins including [swissprot:Q46920].
PF00246	PF00246.30	Peptidase_M14	Neuropeptide_processing	Peptidase_M14_REV	hmm/per_domain/Peptidase_M14_REVISION.hmm	278	4702	10.945875	TIAMMAt mollusc-revised	Zinc carboxypeptidase	
PF00082	PF00082.28	Peptidase_S8	Neuropeptide_processing	Peptidase_S8_REV	hmm/per_domain/Peptidase_S8_REVISION.hmm	275	3954	12.975420	TIAMMAt mollusc-revised	Subtilase family	Subtilases are a family of serine proteases. They appear to have independently and convergently evolved an Asp/Ser/His catalytic triad, like that found in the trypsin serine proteases (see [pfam:PF00089]). Structure is an alpha/beta fold containing a 7-stranded parallel beta sheet, order 2314567.
PF01302	PF01302.32	CAP_GLY	Notch	CAP_GLY_REV	hmm/per_domain/CAP_GLY_REVISION.hmm	65	5891	7.531057	TIAMMAt mollusc-revised	CAP-Gly domain	Cytoskeleton-associated proteins (CAPs) are involved in the organisation of microtubules and transportation of vesicles and organelles along the cytoskeletal network. A conserved motif, CAP-Gly, has been identified in a number of CAPs, including CLIP-170 and dynactins. The crystal structure of Caenorhabditis elegans F53F4.3 protein [swissprot:Q20728] CAP-Gly domain was recently solved [[cite:PUB00015605]]. The domain contains three beta-strands. The most conserved sequence, GKNDG, is located in two consecutive sharp turns on the surface, forming the entrance to a groove [[cite:PUB00015605]].
PF06335	PF06335.18	DUF1054	Notch	DUF1054_REV	hmm/per_domain/DUF1054_REVISION.hmm	198	139	12.390717	TIAMMAt mollusc-revised	Protein of unknown function (DUF1054)	This family consists of several hypothetical bacterial proteins of unknown function.
PF13366	PF13366.13	PDDEXK_3	Notch	PDDEXK_3_REV	hmm/per_domain/PDDEXK_3_REVISION.hmm	114	92	7.044312	TIAMMAt mollusc-revised	PD-(D/E)XK nuclease superfamily	Members of this family belong to the PD-(D/E)XK nuclease superfamily
PF00104	PF00104.36	Hormone_recep	Nuclear_hormone_receptor	Hormone_recep_REV	hmm/per_domain/Hormone_recep_REVISION.hmm	194	8696	18.597393	TIAMMAt mollusc-revised	Ligand-binding domain of nuclear hormone receptor	This all helical domain is involved in binding the hormone in these receptors.
PF00105	PF00105.25	zf-C4	Nuclear_hormone_receptor	zf-C4_REV	hmm/per_domain/zf-C4_REVISION.hmm	70	8320	6.669006	TIAMMAt mollusc-revised	Double treble clef zinc finger, C4 type	In nearly all cases, this is the DNA binding domain of a nuclear hormone receptor. The alignment contains two Zinc finger domains that are too dissimilar to be aligned with each other.
PF00144	PF00144.30	Beta-lactamase	Photoreception	Beta-lactamase_REV	hmm/per_domain/Beta-lactamase_REVISION.hmm	346	3640	22.685432	TIAMMAt mollusc-revised	Beta-lactamase	This family appears to be distantly related to [pfam:PF00905] and PF00768 D-alanyl-D-alanine carboxypeptidase.
PF00063	PF00063.28	Myosin_head	Pigmentation	Myosin_head_REV	hmm/per_domain/Myosin_head_REVISION.hmm	673	10150	11.765790	TIAMMAt mollusc-revised	Myosin head (motor domain)	
PF00860	PF00860.27	Xan_ur_permease	Purinergic	Xan_ur_permease_REV	hmm/per_domain/Xan_ur_permease_REVISION.hmm	426	2950	16.545248	TIAMMAt mollusc-revised	Permease family	This family includes permeases for diverse substrates such as xanthine [swissprot:P42086], uracil [swissprot:P39766] and vitamin C [swissprot:Q9UGH3]. However many members of this family are functionally uncharacterised and may transport other substrates. Members of this family have ten predicted transmembrane helices.
PF00035	PF00035.33	dsrm	RNA_editing	dsrm_REV	hmm/per_domain/dsrm_REVISION.hmm	66	7424	24.259888	TIAMMAt mollusc-revised	Double-stranded RNA binding motif	Sequences gathered for seed by HMM_iterative_training Putative motif shared by proteins that bind to dsRNA. At least some DSRM proteins seem to bind to specific RNA targets. Exemplified by Staufen, which is involved in localisation of at least five different mRNAs in the early Drosophila embryo. Also by interferon-induced protein kinase in humans, which is part of the cellular response to dsRNA.
PF02295	PF02295.24	z-alpha	RNA_editing	z-alpha_REV	hmm/per_domain/z-alpha_REVISION.hmm	65	320	25.034180	TIAMMAt mollusc-revised	Adenosine deaminase z-alpha domain	This family consists of the N-terminus and thus the z-alpha domain of double-stranded RNA-specific adenosine deaminase (ADAR), an RNA- editing enzyme. The z-alpha domain is a Z-DNA binding domain, and binding of this region to B-DNA has been shown to be disfavoured by steric hindrance [[cite:PUB00020582]].
PF00098	PF00098.29	zf-CCHC	RNA_editing	zf-CCHC_REV	hmm/per_domain/zf-CCHC_REVISION.hmm	16	27958	27958.000000	TIAMMAt mollusc-revised	Zinc knuckle	The zinc knuckle is a zinc binding motif composed of the the following CX2CX4HX4C where X can be any amino acid. The motifs are mostly from retroviral gag proteins (nucleocapsid). Prototype structure is from HIV. Also contains members involved in eukaryotic gene regulation, such as C. elegans GLH-1. Structure is an 18-residue zinc finger.
PF07654	PF07654.22	C1-set	RTK	C1-set_REV	hmm/per_domain/C1-set_REVISION.hmm	86	2497	15.959639	TIAMMAt mollusc-revised	Immunoglobulin C1-set domain	
PF00041	PF00041.28	fn3	RTK	fn3_REV	hmm/per_domain/fn3_REVISION.hmm	90	90078	18.568918	TIAMMAt mollusc-revised	Fibronectin type III domain	
PF07679	PF07679.23	I-set	RTK	I-set_REV	hmm/per_domain/I-set_REVISION.hmm	90	154621	12.077738	TIAMMAt mollusc-revised	Immunoglobulin I-set domain	
PF07714	PF07714.24	PK_Tyr_Ser-Thr	RTK	PK_Tyr_Ser-Thr_REV	hmm/per_domain/PK_Tyr_Ser-Thr_REVISION.hmm	256	23941	10.419916	TIAMMAt mollusc-revised	Protein tyrosine and serine/threonine kinase	Protein phosphorylation, which plays a key role in most cellular activities, is a reversible process mediated by protein kinases and phosphoprotein phosphatases. Protein kinases catalyse the transfer of the gamma phosphate from nucleotide triphosphates (often ATP) to one or more amino acid residues in a protein substrate side chain, resulting in a conformational change affecting protein function. Phosphoprotein phosphatases catalyse the reverse process. Protein kinases fall into three broad classes, characterised with respect to substrate specificity [[cite:PUB00005115]]; Serine/threonine-protein kinases, tyrosine-protein kinases, and dual specificity protein kinases (e.g. MEK - phosphorylates both Thr and Tyr on target proteins). This entry represents the catalytic domain found in a number of serine/threonine- and tyrosine-protein kinases. It does not include the catalytic domain of dual specificity kinases.
PF00069	PF00069.32	Pkinase	RTK	Pkinase_REV	hmm/per_domain/Pkinase_REVISION.hmm	260	80699	11.702816	TIAMMAt mollusc-revised	Protein kinase domain	
PF00102	PF00102.33	Y_phosphatase	RTK	Y_phosphatase_REV	hmm/per_domain/Y_phosphatase_REVISION.hmm	233	24129	10.329156	TIAMMAt mollusc-revised	Protein-tyrosine phosphatase	
PF00578	PF00578.28	AhpC-TSA	Redox	AhpC-TSA_REV	hmm/per_domain/AhpC-TSA_REVISION.hmm	126	4916	12.456715	TIAMMAt mollusc-revised	AhpC/TSA family	This family contains proteins related to alkyl hydroperoxide reductase (AhpC) and thiol specific antioxidant (TSA).
PF00462	PF00462.31	Glutaredoxin	Redox	Glutaredoxin_REV	hmm/per_domain/Glutaredoxin_REVISION.hmm	60	5088	18.133026	TIAMMAt mollusc-revised	Glutaredoxin	
PF00080	PF00080.26	Sod_Cu	Redox	Sod_Cu_REV	hmm/per_domain/Sod_Cu_REVISION.hmm	134	3057	6.871556	TIAMMAt mollusc-revised	Copper/zinc superoxide dismutase (SODC)	superoxide dismutases (SODs) catalyse the conversion of superoxide radicals to hydrogen peroxide and molecular oxygen. Three evolutionarily distinct families of SODs are known, of which the copper/zinc-binding family is one. Defects in the human SOD1 gene cause familial amyotrophic lateral sclerosis (Lou Gehrig's disease). Structure is an eight-stranded beta sandwich, similar to the immunoglobulin fold.
PF00081	PF00081.28	Sod_Fe_N	Redox	Sod_Fe_N_REV	hmm/per_domain/Sod_Fe_N_REVISION.hmm	82	845	8.055325	TIAMMAt mollusc-revised	Iron/manganese superoxide dismutases, alpha-hairpin domain	superoxide dismutases (SODs) catalyse the conversion of superoxide radicals to hydrogen peroxide and molecular oxygen. Three evolutionarily distinct families of SODs are known, of which the Mn/Fe-binding family is one. In humans, there is a cytoplasmic Cu/Zn SOD, and a mitochondrial Mn/Fe SOD. N-terminal domain is a long alpha antiparallel hairpin. A small fragment of YTRE_LEPBI matches well - sequencing error?
PF00085	PF00085.27	Thioredoxin	Redox	Thioredoxin_REV	hmm/per_domain/Thioredoxin_REVISION.hmm	103	17363	10.311897	TIAMMAt mollusc-revised	Thioredoxin	Thioredoxins are small enzymes that participate in redox reactions, via the reversible oxidation of an active centre disulfide bond. Some members with only the active site are not separated from the noise.
PF00211	PF00211.26	Guanylate_cyc	Second_messenger	Guanylate_cyc_REV	hmm/per_domain/Guanylate_cyc_REVISION.hmm	185	6422	9.018321	TIAMMAt mollusc-revised	Adenylate and Guanylate cyclase catalytic domain	
PF00233	PF00233.26	PDEase_I	Second_messenger	PDEase_I_REV	hmm/per_domain/PDEase_I_REVISION.hmm	237	5477	9.697008	TIAMMAt mollusc-revised	3'5'-cyclic nucleotide phosphodiesterase	
PF00388	PF00388.26	PI-PLC-X	Second_messenger	PI-PLC-X_REV	hmm/per_domain/PI-PLC-X_REVISION.hmm	144	2686	9.982435	TIAMMAt mollusc-revised	Phosphatidylinositol-specific phospholipase C, X domain	This associates with [pfam:PF00387] to form a single structural unit.
PF00387	PF00387.26	PI-PLC-Y	Second_messenger	PI-PLC-Y_REV	hmm/per_domain/PI-PLC-Y_REVISION.hmm	114	2015	5.007830	TIAMMAt mollusc-revised	Phosphatidylinositol-specific phospholipase C, Y domain	This associates with [pfam:PF00388] to form a single structural unit.
PF00433	PF00433.30	Pkinase_C	Second_messenger	Pkinase_C_REV	hmm/per_domain/Pkinase_C_REVISION.hmm	43	4815	36.969723	TIAMMAt mollusc-revised	Protein kinase C terminal domain	
PF00194	PF00194.27	Carb_anhydrase	Shell_biomineralization	Carb_anhydrase_REV	hmm/per_domain/Carb_anhydrase_REVISION.hmm	252	5140	7.318516	TIAMMAt mollusc-revised	Eukaryotic-type carbonic anhydrase	
PF00379	PF00379.30	Chitin_bind_4	Shell_biomineralization	Chitin_bind_4_REV	hmm/per_domain/Chitin_bind_4_REVISION.hmm	63	1690	12.400494	TIAMMAt mollusc-revised	Insect cuticle protein	Many insect cuticular proteins include a 35-36 amino acid motif known as the R&R consensus. The extensive conservation of this region led to the suggestion that it functions to bind chitin. Provocatively, it has no sequence similarity to the well-known cysteine-containing chitin-binding domain found in chitinases and some peritrophic membrane proteins. Chitin binding has been shown experimentally for this region [[cite:PUB00007094]]. Thus arthropods have two distinct classes of chitin binding proteins, those with the chitin-binding domain found in lectins, chitinases and peritrophic membranes (cysCBD) and those with the cuticular protein chitin-binding domain (non-cysCBD) [[cite:PUB00007094]].
PF00337	PF00337.30	Gal-bind_lectin	Shell_biomineralization	Gal-bind_lectin_REV	hmm/per_domain/Gal-bind_lectin_REVISION.hmm	131	4719	9.095286	TIAMMAt mollusc-revised	Galactoside-binding lectin	This family contains galactoside binding lectins. The family also includes enzymes such as human eosinophil lysophospholipase ([swissprot:Q05315], [ec:3.1.1.5]).
PF01865	PF01865.22	PhoU_div	Shell_biomineralization	PhoU_div_REV	hmm/per_domain/PhoU_div_REVISION.hmm	212	324	48.978699	TIAMMAt mollusc-revised	Protein of unknown function DUF47	This family includes prokaryotic proteins of unknown function, as well as a protein annotated as the pit accessory protein from Sinorhizobium meliloti [swissprot:O30498]. However, the function of this protein is also unknown (Pit stands for Phosphate transport). It is probably distantly related to [pfam:PF01895] (personal obs:Yeats C).
PF00235	PF00235.26	Profilin	Shell_biomineralization	Profilin_REV	hmm/per_domain/Profilin_REVISION.hmm	126	2779	10.041839	TIAMMAt mollusc-revised	Profilin	
PF00092	PF00092.35	VWA	Shell_biomineralization	VWA_REV	hmm/per_domain/VWA_REVISION.hmm	175	38503	15.197209	TIAMMAt mollusc-revised	von Willebrand factor type A domain	
PF00046	PF00046.36	Homeodomain	Stem_cell	Homeodomain_REV	hmm/per_domain/Homeodomain_REVISION.hmm	57	15649	12.457850	TIAMMAt mollusc-revised	Homeodomain	
PF00168	PF00168.37	C2	Synaptic	C2_REV	hmm/per_domain/C2_REVISION.hmm	106	28426	11.179134	TIAMMAt mollusc-revised	C2 domain	
PF04712	PF04712.18	Radial_spoke	Synaptic	Radial_spoke_REV	hmm/per_domain/Radial_spoke_REVISION.hmm	493	1184	18.459351	TIAMMAt mollusc-revised	Radial spokehead-like protein	This family includes the radial spoke head proteins RSP4 and RSP6 from Chlamydomonas reinhardtii, and several eukaryotic homologues, including mammalian RSHL1, the protein product of a familial ciliary dyskinesia candidate gene [[cite:PUB00008573]].
PF05739	PF05739.26	SNARE	Synaptic	SNARE_REV	hmm/per_domain/SNARE_REVISION.hmm	53	3818	45.641548	TIAMMAt mollusc-revised	SNARE domain	Most if not all vesicular membrane fusion events in eukaryotic cells are believed to be mediated by a conserved fusion machinery, the SNARE [soluble N-ethylmaleimide-sensitive factor (NSF) attachment protein (SNAP) receptors] machinery. The SNARE domain is thought to act as a protein-protein interaction module in the assembly of a SNARE protein complex. It is composed of about 70 amino acids arranged in an alpha-helical structure [[cite:PUB00005782]].
PF00335	PF00335.27	Tetraspanin	Synaptic	Tetraspanin_REV	hmm/per_domain/Tetraspanin_REVISION.hmm	243	13437	18.693184	TIAMMAt mollusc-revised	Tetraspanin family	
PF00641	PF00641.24	Zn_ribbon_RanBP	Synaptic	Zn_ribbon_RanBP_REV	hmm/per_domain/Zn_ribbon_RanBP_REVISION.hmm	30	7837	89.167908	TIAMMAt mollusc-revised	Zn-finger in Ran binding protein and others	
PF02950	PF02950.23	Conotoxin	Toxin	Conotoxin_REV	hmm/per_domain/Conotoxin_REVISION.hmm	75	1772	26.460625	TIAMMAt mollusc-revised	Conotoxin	Conotoxins are small snail toxins that block ion channels.
PF06802	PF06802.16	DUF1231	Toxin	DUF1231_REV	hmm/per_domain/DUF1231_REVISION.hmm	340	101	22.318756	TIAMMAt mollusc-revised	Protein of unknown function (DUF1231)	This family consists of several Orthopoxvirus specific proteins predominantly of around 340 residues in length. This family contains both B17 and B15 proteins, the function of which are unknown.
PF08078	PF08078.19	PsaX	Toxin	PsaX_REV	hmm/per_domain/PsaX_REVISION.hmm	32	93	32.459747	TIAMMAt mollusc-revised	PsaX family	This family consists of the PsaX family of photosystem I (PSI) protein subunits. PSI is a large multi-subunit pigment protein complex embedded in the thylakoid membranes of green plants and cyanobacteria. PsaX is one of the 12 protein subunits found in PSI and these subunits are arranged as monomers or trimers within the membrane as shown by the structure of the trimeric complex from Synechococcus elongatus [[cite:PUB00016426]].
PF08087	PF08087.17	Toxin_18	Toxin	Toxin_18_REV	hmm/per_domain/Toxin_18_REVISION.hmm	30	115	52.512970	TIAMMAt mollusc-revised	Conotoxin O-superfamily	This family consists of members of the conotoxin O-superfamily. The O-superfamily of conotoxins consists of 3 groups of Conus peptides that belong to the same structural group. These 3 groups differ in their pharmacological properties: the w-conotoxins which inhibit calcium channels, the delta-conotoxins which slow down the inactivation rate of voltage -sensitive sodium channels and the muO-conotoxins block the voltage sensitive sodium currents [[cite:PUB00016595]].
PF00087	PF00087.28	Toxin_TOLIP	Toxin	Toxin_TOLIP_REV	hmm/per_domain/Toxin_TOLIP_REVISION.hmm	75	2667	6.676555	TIAMMAt mollusc-revised	Snake toxin and toxin-like protein	This family predominantly includes venomous neurotoxins and cytotoxins from snakes, but also structurally similar (non-snake) toxin-like proteins (TOLIPs) such as Lymphocyte antigen 6D and Ly6/PLAUR domain-containing protein. Snake toxins are short proteins with a compact, disulphide-rich structure. TOLIPs have similar structural features (abundance of spaced cysteine residues, a high frequency of charge residues, a signal peptide for secretion and a compact structure) but, are not associated with a venom gland or poisonous function. They are endogenous animal proteins that are not restricted to poisonous animals [[cite:PUB00085048]].
PF00632	PF00632.31	HECT	Ubiquitin_proteasome	HECT_REV	hmm/per_domain/HECT_REVISION.hmm	306	6773	11.649233	TIAMMAt mollusc-revised	HECT-domain (ubiquitin-transferase)	The name HECT comes from Homologous to the E6-AP Carboxyl Terminus.
PF00240	PF00240.30	ubiquitin	Ubiquitin_proteasome	ubiquitin_REV	hmm/per_domain/ubiquitin_REVISION.hmm	72	24689	20.605051	TIAMMAt mollusc-revised	Ubiquitin family	This family contains a number of ubiquitin-like proteins: SUMO (smt3 homologue) (see [swissprot:Q02724]), Nedd8 (see [swissprot:P29595]), Elongin B (see [swissprot:Q15370]), Rub1 (see [swissprot:Q9SHE7]), and Parkin (see [swissprot:O60260]). A number of them are thought to carry a distinctive five-residue motif termed the proteasome-interacting motif (PIM), which may have a biologically significant role in protein delivery to proteasomes and recruitment of proteasomes to transcription sites [[cite:PUB00021072]].
PF00179	PF00179.32	UQ_con	Ubiquitin_proteasome	UQ_con_REV	hmm/per_domain/UQ_con_REVISION.hmm	139	11797	7.782531	TIAMMAt mollusc-revised	Ubiquitin-conjugating enzyme	Proteins destined for proteasome-mediated degradation may be ubiquitinated. Ubiquitination follows conjugation of ubiquitin to a conserved cysteine residue of UBC homologues. TSG101 is one of several UBC homologues that lacks this active site cysteine [[cite:PUB00003903],[cite:PUB00003446]].
PF00097	PF00097.32	zf-C3HC4	Ubiquitin_proteasome	zf-C3HC4_REV	hmm/per_domain/zf-C3HC4_REVISION.hmm	40	42142	24.884987	TIAMMAt mollusc-revised	Zinc finger, C3HC4 type (RING finger)	The C3HC4 type zinc-finger (RING finger) is a cysteine-rich domain of 40 to 60 residues that coordinates two zinc ions, and has the consensus sequence: C-X2-C-X(9-39)-C-X(1-3)-H-X(2-3)-C-X2-C-X(4-48)-C-X2-C where X is any amino acid [[cite:PUB00001094]]. Many proteins containing a RING finger play a key role in the ubiquitination pathway [[cite:PUB00017952]].
PF00023	PF00023.37	Ank	VGIC	Ank_REV	hmm/per_domain/Ank_REVISION.hmm	33	292007	292007.000000	TIAMMAt mollusc-revised	Ankyrin repeat	Ankyrins are multifunctional adaptors that link specific proteins to the membrane-associated, spectrin- actin cytoskeleton. This repeat-domain is a 'membrane-binding' domain of up to 24 repeated units, and it mediates most of the protein's binding activities. Repeats 13-24 are especially active, with known sites of interaction for the Na/K ATPase, Cl/HCO(3) anion exchanger, voltage-gated sodium channel, clathrin heavy chain and L1 family cell adhesion molecules. The ANK repeats are found to form a contiguous spiral stack such that ion transporters like the anion exchanger associate in a large central cavity formed by the ANK repeat spiral, while clathrin and cell adhesion molecules associate with specific regions outside this cavity [[cite:PUB00027526]][[cite:PUB00106934]].
PF00027	PF00027.36	cNMP_binding	VGIC	cNMP_binding_REV	hmm/per_domain/cNMP_binding_REVISION.hmm	89	12661	15.029697	TIAMMAt mollusc-revised	Cyclic nucleotide-binding domain	This domain sensor domain can bind cAMP, cGMP, c-di-GMP, oxygen and 2-oxoglutarate (Matilla et. al., FEMS Microbiology Reviews, fuab043, 45, 2021, 1. https://doi.org/10.1093/femsre/fuab043).
PF00520	PF00520.38	Ion_trans	VGIC	Ion_trans_REV	hmm/per_domain/Ion_trans_REVISION.hmm	238	24549	24.989117	TIAMMAt mollusc-revised	Ion transport protein	This family contains sodium, potassium and calcium ion channels. This family is 6 transmembrane helices in which the last two helices flank a loop which determines ion selectivity. In some sub-families (e.g. Na channels) the domain is repeated four times, whereas in others (e.g. K channels) the protein forms as a tetramer in the membrane.
PF07885	PF07885.23	Ion_trans_2	VGIC	Ion_trans_2_REV	hmm/per_domain/Ion_trans_2_REVISION.hmm	79	5735	13.637754	TIAMMAt mollusc-revised	Ion channel	This family includes the two membrane helix type ion channels found in bacteria.
PF00612	PF00612.34	IQ	VGIC	IQ_REV	hmm/per_domain/IQ_REVISION.hmm	19	23129	23129.000000	TIAMMAt mollusc-revised	IQ calmodulin-binding motif	Calmodulin-binding motif.
PF01699	PF01699.30	Na_Ca_ex	VGIC	Na_Ca_ex_REV	hmm/per_domain/Na_Ca_ex_REVISION.hmm	150	4918	11.439325	TIAMMAt mollusc-revised	Sodium/calcium exchanger protein	This is a family of sodium/calcium exchanger integral membrane proteins. This family covers the integral membrane regions of the proteins. Sodium/calcium exchangers regulate intracellular Ca2+ concentrations in many cells; cardiac myocytes, epithelial cells, neurons retinal rod photoreceptors and smooth muscle cells [[cite:PUB00005133]]. Ca2+ is moved into or out of the cytosol depending on Na+ concentration [[cite:PUB00005133]]. In humans and rats there are 3 isoforms; NCX1 NCX2 and NCX3 [[cite:PUB00002973]] see [swissprot:Q01728], [swissprot:P48768] and [swissprot:P70549] respectively.
PF06011	PF06011.18	TRP	VGIC	TRP_REV	hmm/per_domain/TRP_REVISION.hmm	437	1177	38.563740	TIAMMAt mollusc-revised	Transient receptor potential (TRP) ion channel	This family of proteins are transient receptor potential (TRP) ion channels. They are essential for cellular viability and are involved in cell growth and cell wall synthesis [[cite:PUB00020495]]. The genes for these proteins are homologous to polycystic kidney disease related ion channel genes [[cite:PUB00020495]].
PF08344	PF08344.17	TRP_2	VGIC	TRP_2_REV	hmm/per_domain/TRP_2_REVISION.hmm	63	946	8.433540	TIAMMAt mollusc-revised	Transient receptor ion channel II	This domain is found in the transient receptor ion channel (Trp) family of proteins. There is strong evidence that Trp proteins are structural elements of calcium-ion entry channels activated by G protein-coupled receptors [[cite:PUB00007856]]. This domain does not tend to appear with the TRP domain ([pfam:PF06011]) but is often found to the C-terminus of Ankyrin repeats ([pfam:PF00023]).
PF00571	PF00571.34	CBS	cAMP_signaling	CBS_REV	hmm/per_domain/CBS_REVISION.hmm	57	7755	54.798767	TIAMMAt mollusc-revised	CBS domain	CBS domains are small intracellular modules that pair together to form a stable globular domain [[cite:PUB00000457]]. This family represents a single CBS domain. Pairs of these domains have been termed a Bateman domain [[cite:PUB00019267]]. CBS domains have been shown to bind ligands with an adenosyl group such as AMP, ATP and S-AdoMet [[cite:PUB00014845]]. CBS domains are found attached to a wide range of other protein domains suggesting that CBS domains may play a regulatory role making proteins sensitive to adenosyl carrying ligands. The region containing the CBS domains in Cystathionine-beta synthase is involved in regulation by S-AdoMet [[cite:PUB00019266]]. CBS domain pairs from AMPK bind AMP or ATP [[cite:PUB00014845]]. The CBS domains from IMPDH and the chloride channel CLC2 bind ATP [[cite:PUB00014845]].
PF00273	PF00273.26	Serum_albumin	cAMP_signaling	Serum_albumin_REV	hmm/per_domain/Serum_albumin_REVISION.hmm	175	395	12.111702	TIAMMAt mollusc-revised	Serum albumin family	
PF00986	PF00986.27	DNA_gyraseB_C	mTOR	DNA_gyraseB_C_REV	hmm/per_domain/DNA_gyraseB_C_REVISION.hmm	62	310	5.595856	TIAMMAt mollusc-revised	DNA gyrase B subunit, carboxyl terminus	The amino terminus of eukaryotic and prokaryotic DNA topoisomerase II are similar, but they have a different carboxyl terminus. The amino-terminal portion of the DNA gyrase B protein is thought to catalyse the ATP-dependent super-coiling of DNA. See [pfam:PF00204]. The carboxyl-terminal end supports the complexation with the DNA gyrase A protein and the ATP-independent relaxation. This family also contains Topoisomerase IV. This is a bacterial enzyme that is closely related to DNA gyrase, [[cite:PUB00005437]].
PF11872	PF11872.14	DUF3392	mTOR	DUF3392_REV	hmm/per_domain/DUF3392_REVISION.hmm	104	143	18.263397	TIAMMAt mollusc-revised	Protein of unknown function (DUF3392)	This family of proteins are functionally uncharacterised. This protein is found in bacteria. Proteins in this family are about 110 amino acids in length.
